-- phpMyAdmin SQL Dump
-- version 5.1.0
-- https://www.phpmyadmin.net/
--
-- Host: 127.0.0.1
-- Generation Time: Jun 12, 2022 at 01:40 PM
-- Server version: 10.4.18-MariaDB
-- PHP Version: 7.4.16

SET SQL_MODE = "NO_AUTO_VALUE_ON_ZERO";
START TRANSACTION;
SET time_zone = "+00:00";


/*!40101 SET @OLD_CHARACTER_SET_CLIENT=@@CHARACTER_SET_CLIENT */;
/*!40101 SET @OLD_CHARACTER_SET_RESULTS=@@CHARACTER_SET_RESULTS */;
/*!40101 SET @OLD_COLLATION_CONNECTION=@@COLLATION_CONNECTION */;
/*!40101 SET NAMES utf8mb4 */;

--
-- Database: `final_easymart`
--

-- --------------------------------------------------------

--
-- Table structure for table `carts`
--

CREATE TABLE `carts` (
  `id` bigint(20) UNSIGNED NOT NULL,
  `product_id` bigint(20) UNSIGNED NOT NULL,
  `qty` int(11) NOT NULL,
  `total` int(11) NOT NULL,
  `created_at` timestamp NULL DEFAULT NULL,
  `updated_at` timestamp NULL DEFAULT NULL
) ENGINE=InnoDB DEFAULT CHARSET=utf8mb4 COLLATE=utf8mb4_unicode_ci;

-- --------------------------------------------------------

--
-- Table structure for table `categories`
--

CREATE TABLE `categories` (
  `id` bigint(20) UNSIGNED NOT NULL,
  `name` varchar(255) COLLATE utf8mb4_unicode_ci NOT NULL,
  `created_at` timestamp NULL DEFAULT NULL,
  `updated_at` timestamp NULL DEFAULT NULL
) ENGINE=InnoDB DEFAULT CHARSET=utf8mb4 COLLATE=utf8mb4_unicode_ci;

--
-- Dumping data for table `categories`
--

INSERT INTO `categories` (`id`, `name`, `created_at`, `updated_at`) VALUES
(1, 'Liquid', '2022-05-07 08:12:18', '2022-05-07 08:12:18'),
(2, 'Perangkat', '2022-05-07 08:12:25', '2022-06-12 08:30:03');

-- --------------------------------------------------------

--
-- Table structure for table `failed_jobs`
--

CREATE TABLE `failed_jobs` (
  `id` bigint(20) UNSIGNED NOT NULL,
  `connection` text COLLATE utf8mb4_unicode_ci NOT NULL,
  `queue` text COLLATE utf8mb4_unicode_ci NOT NULL,
  `payload` longtext COLLATE utf8mb4_unicode_ci NOT NULL,
  `exception` longtext COLLATE utf8mb4_unicode_ci NOT NULL,
  `failed_at` timestamp NOT NULL DEFAULT current_timestamp()
) ENGINE=InnoDB DEFAULT CHARSET=utf8mb4 COLLATE=utf8mb4_unicode_ci;

-- --------------------------------------------------------

--
-- Table structure for table `migrations`
--

CREATE TABLE `migrations` (
  `id` int(10) UNSIGNED NOT NULL,
  `migration` varchar(255) COLLATE utf8mb4_unicode_ci NOT NULL,
  `batch` int(11) NOT NULL
) ENGINE=InnoDB DEFAULT CHARSET=utf8mb4 COLLATE=utf8mb4_unicode_ci;

--
-- Dumping data for table `migrations`
--

INSERT INTO `migrations` (`id`, `migration`, `batch`) VALUES
(1, '2014_10_12_000000_create_users_table', 1),
(2, '2014_10_12_100000_create_password_resets_table', 1),
(3, '2019_08_19_000000_create_failed_jobs_table', 1),
(4, '2022_02_26_114734_create_categories_table', 1),
(5, '2022_03_11_125921_create_products_table', 1),
(6, '2022_03_15_125251_create_product_images_table', 1),
(7, '2022_03_20_100509_create_transactions_table', 1),
(8, '2022_04_21_142128_create_orders_table', 1),
(9, '2022_04_21_142236_create_order_details_table', 1),
(10, '2022_04_21_142403_create_restock_batches_table', 1),
(11, '2022_05_07_073805_create_carts_table', 1);

-- --------------------------------------------------------

--
-- Table structure for table `orders`
--

CREATE TABLE `orders` (
  `id` bigint(20) UNSIGNED NOT NULL,
  `no_order` varchar(255) COLLATE utf8mb4_unicode_ci NOT NULL,
  `total` int(11) NOT NULL,
  `payment` int(11) NOT NULL,
  `change` int(11) NOT NULL,
  `phone_number` varchar(255) COLLATE utf8mb4_unicode_ci DEFAULT NULL,
  `token` varchar(255) COLLATE utf8mb4_unicode_ci DEFAULT NULL,
  `payment_type` varchar(255) COLLATE utf8mb4_unicode_ci DEFAULT NULL,
  `transaction_status` varchar(255) COLLATE utf8mb4_unicode_ci DEFAULT NULL,
  `settlement_time` varchar(255) COLLATE utf8mb4_unicode_ci DEFAULT NULL,
  `created_at` timestamp NULL DEFAULT NULL,
  `updated_at` timestamp NULL DEFAULT NULL
) ENGINE=InnoDB DEFAULT CHARSET=utf8mb4 COLLATE=utf8mb4_unicode_ci;

--
-- Dumping data for table `orders`
--

INSERT INTO `orders` (`id`, `no_order`, `total`, `payment`, `change`, `phone_number`, `token`, `payment_type`, `transaction_status`, `settlement_time`, `created_at`, `updated_at`) VALUES
(1, 'OD-202205076815', 210000, 210000, 0, NULL, '6909xxi4840', NULL, 'pending', NULL, '2022-05-07 08:27:40', '2022-05-07 08:27:40'),
(2, 'OD-202205072403', 35000, 35000, 0, NULL, '9088xxi1824', NULL, 'pending', NULL, '2022-05-07 08:28:48', '2022-05-07 08:28:48'),
(3, 'OD-202205076327', 210000, 210000, 0, NULL, '1930xxi7662', NULL, 'pending', NULL, '2022-05-07 08:30:20', '2022-05-07 08:30:20'),
(4, 'OD-202205074042', 35000, 35000, 0, NULL, '1739xxi2660', NULL, 'pending', NULL, '2022-05-07 08:32:32', '2022-05-07 08:32:32'),
(5, 'OD-202205075831', 35000, 35000, 0, NULL, '9417xxi7247', NULL, 'pending', NULL, '2022-05-07 08:34:21', '2022-05-07 08:34:21'),
(6, 'OD-202205077040', 35000, 35000, 0, NULL, '6030xxi9901', NULL, 'pending', NULL, '2022-05-07 08:36:11', '2022-05-07 08:36:11'),
(7, 'OD-202205075431', 35000, 35000, 0, NULL, '3445xxi2027', NULL, 'pending', NULL, '2022-05-07 08:38:33', '2022-05-07 08:38:33'),
(8, 'OD-202205075137', 35000, 35000, 0, NULL, '7948xxi5757', NULL, 'pending', NULL, '2022-05-07 08:40:15', '2022-05-07 08:40:15'),
(9, 'OD-202205073977', 35000, 35000, 0, NULL, '3083xxi2593', NULL, 'pending', NULL, '2022-05-07 08:40:46', '2022-05-07 08:40:46'),
(10, 'OD-202205078238', 35000, 35000, 0, NULL, '3216xxi5358', NULL, 'pending', NULL, '2022-05-07 08:44:45', '2022-05-07 08:44:45'),
(11, 'OD-202205079332', 210000, 210000, 0, NULL, '6378xxi2419', NULL, 'pending', NULL, '2022-05-07 08:45:25', '2022-05-07 08:45:25'),
(12, 'OD-202205076512', 210000, 210000, 0, NULL, '2755xxi8934', NULL, 'pending', NULL, '2022-05-07 08:47:52', '2022-05-07 08:47:52'),
(13, 'OD-202205074773', 35000, 35000, 0, NULL, '1484xxi1516', NULL, 'pending', NULL, '2022-05-07 08:48:26', '2022-05-07 08:48:26'),
(14, 'OD-202205075724', 35000, 35000, 0, NULL, '8073xxi2602', NULL, 'pending', NULL, '2022-05-07 08:50:21', '2022-05-07 08:50:21'),
(15, 'OD-202205076663', 35000, 35000, 0, NULL, '1920xxi6290', NULL, 'pending', NULL, '2022-05-07 08:54:22', '2022-05-07 08:54:22'),
(16, 'OD-202205075880', 35000, 35000, 0, NULL, '1359xxi2634', NULL, 'pending', NULL, '2022-05-07 08:54:31', '2022-05-07 08:54:31'),
(17, 'OD-202205076289', 35000, 35000, 0, NULL, '6060xxi9241', NULL, 'pending', NULL, '2022-05-07 08:54:35', '2022-05-07 08:54:35'),
(18, 'OD-202205072968', 35000, 35000, 0, NULL, '2112xxi8686', NULL, 'pending', NULL, '2022-05-07 08:54:36', '2022-05-07 08:54:36'),
(19, 'OD-202205072552', 35000, 35000, 0, NULL, '6571xxi5397', NULL, 'pending', NULL, '2022-05-07 08:54:38', '2022-05-07 08:54:38'),
(20, 'OD-202205074670', 35000, 35000, 0, NULL, '3539xxi2549', NULL, 'pending', NULL, '2022-05-07 08:54:38', '2022-05-07 08:54:38'),
(21, 'OD-202205071698', 35000, 35000, 0, NULL, '2314xxi9910', NULL, 'pending', NULL, '2022-05-07 08:55:11', '2022-05-07 08:55:11'),
(22, 'OD-202205073904', 35000, 35000, 0, NULL, '3716xxi7482', NULL, 'pending', NULL, '2022-05-07 08:58:41', '2022-05-07 08:58:41'),
(23, 'OD-202205071482', 210000, 210000, 0, NULL, '3382xxi7523', NULL, 'pending', NULL, '2022-05-07 08:59:29', '2022-05-07 08:59:29'),
(24, 'OD-202205074409', 35000, 35000, 0, NULL, '4828xxi4535', NULL, 'settlement', NULL, '2022-05-07 09:08:55', '2022-05-07 09:08:55'),
(25, 'OD-202205072392', 35000, 35000, 0, NULL, '8218xxi2515', NULL, 'pending', NULL, '2022-05-07 09:09:53', '2022-05-07 09:09:53'),
(26, 'OD-202205073232', 35000, 35000, 0, NULL, '9375xxi7984', NULL, 'pending', NULL, '2022-05-07 09:14:49', '2022-05-07 09:14:49'),
(27, 'OD-202205078727', 210000, 210000, 0, NULL, '6364xxi2741', NULL, 'settlement', NULL, '2022-05-07 09:16:09', '2022-05-07 09:16:09'),
(28, 'OD-202205073499', 35000, 35000, 0, NULL, '1164xxi7845', NULL, 'pending', NULL, '2022-05-07 09:24:01', '2022-05-07 09:24:01'),
(29, 'OD-202205087396', 49000, 49000, 0, NULL, '7123xxi4006', NULL, 'pending', NULL, '2022-05-08 14:18:51', '2022-05-08 14:18:51'),
(30, 'OD-202205083727', 98000, 98000, 0, NULL, '6873xxi4043', NULL, 'pending', NULL, '2022-05-08 14:19:11', '2022-05-08 14:19:11'),
(31, 'OD-202205081919', 147000, 147000, 0, NULL, '4288xxi8618', NULL, 'pending', NULL, '2022-05-08 14:21:15', '2022-05-08 14:21:15'),
(32, 'OD-202205086111', 49000, 49000, 0, NULL, '4056xxi9660', NULL, 'pending', NULL, '2022-05-08 14:24:53', '2022-05-08 14:24:53'),
(33, 'OD-202205086129', 49000, 49000, 0, NULL, '9230xxi8961', NULL, 'pending', NULL, '2022-05-08 14:26:12', '2022-05-08 14:26:12'),
(34, 'OD-202205104015', 35000, 35000, 0, NULL, '7552xxi8692', NULL, 'pending', NULL, '2022-05-09 21:01:00', '2022-05-09 21:01:00'),
(35, 'OD-202205103580', 210000, 210000, 0, NULL, '2250xxi8024', NULL, 'pending', NULL, '2022-05-09 21:03:19', '2022-05-09 21:03:19'),
(36, 'OD-202205107368', 35000, 35000, 0, NULL, '1268xxi7315', NULL, 'pending', NULL, '2022-05-10 00:50:05', '2022-05-10 00:50:05'),
(37, 'OD-202205101830', 245000, 245000, 0, NULL, '4822xxi4379', NULL, 'pending', NULL, '2022-05-10 02:13:57', '2022-05-10 02:13:57'),
(38, 'OD-202205105866', 35000, 35000, 0, NULL, '9111xxi8174', NULL, 'pending', NULL, '2022-05-10 03:32:08', '2022-05-10 03:32:08'),
(39, 'OD-202205105417', 35000, 35000, 0, NULL, '6971xxi9666', NULL, 'pending', NULL, '2022-05-10 04:58:12', '2022-05-10 04:58:12'),
(40, 'OD-202205105319', 70000, 70000, 0, NULL, '62bb8a52-b2b3-4419-9cd9-58954773f168', NULL, 'pending', NULL, '2022-05-10 04:59:22', '2022-05-10 04:59:23'),
(41, 'OD-202205108557', 175000, 175000, 0, NULL, 'cf425fd9-14fc-4a57-9713-1f2644ae3ade', NULL, 'pending', NULL, '2022-05-10 05:01:45', '2022-05-10 05:01:45'),
(42, 'OD-202205103577', 35000, 35000, 0, NULL, '45e80f89-d308-46e1-891f-d4f9582a06db', NULL, 'pending', NULL, '2022-05-10 05:02:15', '2022-05-10 05:02:15'),
(43, 'OD-202205101762', 210000, 210000, 0, NULL, '39c5ff21-8a52-4f53-ad11-e6d5f01bb0d1', NULL, 'pending', NULL, '2022-05-10 05:03:12', '2022-05-10 05:03:12'),
(44, 'OD-202205108450', 210000, 210000, 0, NULL, 'ad8fa6f0-2e0b-4325-8c2d-7a49a342b963', NULL, 'pending', NULL, '2022-05-10 05:21:25', '2022-05-10 05:21:25'),
(45, 'OD-202205101245', 210000, 210000, 0, NULL, 'a5b33b39-840d-47a7-ab56-891afc3ecf0c', NULL, 'pending', NULL, '2022-05-10 05:33:19', '2022-05-10 05:33:19'),
(46, 'OD-202205102928', 175000, 175000, 0, NULL, 'be1c61e5-2e9b-4bda-a18d-4809c43f9a08', NULL, 'pending', NULL, '2022-05-10 05:45:06', '2022-05-10 05:45:06'),
(47, 'OD-202205109130', 35000, 35000, 0, NULL, '391de280-2560-4493-8888-b5fbf5a82c75', NULL, 'pending', NULL, '2022-05-10 05:57:58', '2022-05-10 05:57:59'),
(48, 'OD-202205104780', 35000, 35000, 0, NULL, 'efc872c6-fea0-4d86-af6a-40b770b014f4', NULL, 'pending', NULL, '2022-05-10 06:43:13', '2022-05-10 06:43:14'),
(49, 'OD-202205112856', 175000, 175000, 0, NULL, '38d7231f-17b8-49c7-afde-7de32b44bbdd', NULL, 'pending', NULL, '2022-05-11 04:50:49', '2022-05-11 04:50:49'),
(50, 'OD-202205116694', 175000, 175000, 0, NULL, 'a9f3c431-69f5-4bb7-a8ef-ec448a0960fc', NULL, 'pending', NULL, '2022-05-11 04:58:48', '2022-05-11 04:58:49'),
(51, 'OD-202205113853', 35000, 35000, 0, NULL, '5bf9a37a-e32b-46ce-8601-b2480445ae1e', NULL, 'pending', NULL, '2022-05-11 05:17:05', '2022-05-11 05:17:08'),
(52, 'OD-202205113048', 35000, 35000, 0, NULL, 'a33d5f90-c2e0-4d17-86a6-1502ed1f4ba3', NULL, 'settlement', NULL, '2022-05-11 06:12:27', '2022-05-11 06:12:27'),
(53, 'OD-202205222520', 210000, 210000, 0, NULL, '31ef1541-5a33-4138-8cf2-560532177a07', NULL, 'pending', NULL, '2022-05-21 21:27:04', '2022-05-21 21:27:05'),
(54, 'OD-202205227756', 560000, 560000, 0, NULL, 'e93a6046-577b-45bc-bb80-c1e1c7cc2675', NULL, 'pending', NULL, '2022-05-22 05:15:48', '2022-05-22 05:15:48'),
(55, 'OD-202205225011', 560000, 560000, 0, NULL, 'cd1ec585-9dc0-4ec6-82a1-be509540834f', NULL, 'pending', NULL, '2022-05-22 07:04:29', '2022-05-22 07:04:30'),
(56, 'OD-202205268826', 2147483647, 2147483647, 0, NULL, '14c4d1d5-f271-4764-8a86-bc4e8eec3eba', NULL, 'pending', NULL, '2022-05-26 04:58:44', '2022-05-26 04:58:45'),
(57, 'OD-202205262004', 2147483647, 2147483647, 0, NULL, '85eb478f-8d19-4f08-811f-06671e0f5c1d', NULL, 'pending', NULL, '2022-05-26 04:59:16', '2022-05-26 04:59:16'),
(58, 'OD-202205269001', 175000, 175000, 0, NULL, '3822b825-dc47-424b-a353-21e6b3cdf661', 'gopay', 'settlement', '2022-05-26 18:45:28', '2022-05-26 04:59:43', '2022-05-26 05:01:37'),
(59, 'OD-202206054614', 210000, 210000, 0, NULL, '34db8942-2aaf-4b82-97a9-e2e844885a0c', 'gopay', 'settlement', '2022-05-26 18:45:28', '2022-06-05 09:28:43', '2022-06-05 09:29:47'),
(60, 'OD-202206058509', 210000, 210000, 0, NULL, '91a8c865-e167-47a4-9a10-b313346a7dc5', 'gopay', 'settlement', '2022-05-26 18:45:28', '2022-06-05 09:32:15', '2022-06-05 09:33:03'),
(61, 'OD-202206059401', 60000, 60000, 0, NULL, 'c7a69f73-156d-49bc-b055-6ade6a7eac35', 'gopay', 'settlement', '2022-05-26 18:45:28', '2022-06-05 09:46:05', '2022-06-05 09:46:36'),
(62, 'OD-202206082649', 210000, 210000, 0, NULL, 'b5c6d3b4-5489-47e4-9f03-c153ba8259dc', NULL, 'pending', NULL, '2022-06-08 12:48:40', '2022-06-08 12:48:41'),
(63, 'OD-202206084281', 210000, 210000, 0, NULL, 'd4fd6331-61ad-4239-8537-0ac0083792af', NULL, 'pending', NULL, '2022-06-08 12:48:43', '2022-06-08 12:48:43'),
(64, 'OD-202206083328', 60000, 60000, 0, NULL, '99024dd7-a42e-4be9-8101-3fcd701de265', NULL, 'pending', NULL, '2022-06-08 14:22:38', '2022-06-08 14:22:38'),
(65, 'OD-202206089589', 120000, 120000, 0, NULL, '6b5b7d65-a129-4a84-8aee-b95731620982', 'gopay', 'settlement', '2022-05-26 18:45:28', '2022-06-08 14:48:30', '2022-06-08 14:49:20'),
(66, 'OD-202206089728', 70000, 70000, 0, NULL, 'f2293c7c-4778-4d58-bae0-10ac42b5ee28', 'gopay', 'settlement', '2022-05-26 18:45:28', '2022-06-08 14:51:19', '2022-06-08 14:51:56'),
(67, 'OD-202206107757', 35000, 35000, 0, NULL, 'dc351d54-7b35-4c2b-bf93-498bf61645e6', NULL, 'pending', NULL, '2022-06-10 09:26:17', '2022-06-10 09:26:18'),
(68, 'OD-202206109079', 188000, 188000, 0, NULL, '647a923d-4af7-4c5b-a5d0-eb7aadfff0c2', 'gopay', 'settlement', '2022-05-26 18:45:28', '2022-06-10 13:00:35', '2022-06-10 13:01:41'),
(69, 'OD-202206102306', 226000, 226000, 0, NULL, '576bb62c-5804-48c8-b53a-7391e4100404', NULL, 'pending', NULL, '2022-06-10 13:40:25', '2022-06-10 13:40:25'),
(70, 'OD-202206107527', 146000, 146000, 0, NULL, 'b1d5f43a-7aee-4111-8527-b232fa0f6eee', NULL, 'pending', NULL, '2022-06-10 13:42:10', '2022-06-10 13:42:11'),
(71, 'OD-202206106018', 146000, 146000, 0, NULL, 'a5d14d08-72aa-49da-9ad8-424263d0933f', NULL, 'pending', NULL, '2022-06-10 13:42:12', '2022-06-10 13:42:12'),
(72, 'OD-202206109343', 595000, 595000, 0, NULL, '450bc401-7cf1-4fbf-8578-0fe6c5768fed', 'gopay', 'settlement', '2022-05-26 18:45:28', '2022-06-10 14:19:07', '2022-06-10 14:19:53'),
(73, 'OD-202206108912', 175000, 175000, 0, NULL, '800ad693-2fba-4b34-8343-d89e38536b28', 'gopay', 'settlement', '2022-05-26 18:45:28', '2022-06-10 14:25:52', '2022-06-10 14:26:41'),
(74, 'OD-202206109566', 40000, 40000, 0, NULL, '1d67a082-1eaa-43d6-8168-488302eebbad', 'gopay', 'settlement', '2022-05-26 18:45:28', '2022-06-10 15:37:21', '2022-06-10 15:40:02'),
(75, 'OD-202206114678', 25000, 25000, 0, NULL, '45151d08-f54f-4028-8380-547c9ced205d', NULL, 'pending', NULL, '2022-06-11 06:10:21', '2022-06-11 06:10:22'),
(76, 'OD-202206115336', 15000, 15000, 0, NULL, '82b5de37-738e-4c2d-81a2-706395e1197c', NULL, 'pending', NULL, '2022-06-11 06:23:55', '2022-06-11 06:23:56'),
(77, 'OD-202206118952', 15000, 15000, 0, NULL, 'fbf6ce82-58b1-44b0-b652-e79efe90c257', NULL, 'pending', NULL, '2022-06-11 06:27:05', '2022-06-11 06:27:06'),
(78, 'OD-202206119166', 25000, 25000, 0, NULL, '0f078c7c-8576-49d1-a83c-2694f412a537', NULL, 'pending', NULL, '2022-06-11 06:33:00', '2022-06-11 06:33:00'),
(79, 'OD-202206112046', 15000, 15000, 0, NULL, '3177xxi1221', NULL, 'pending', NULL, '2022-06-11 06:35:18', '2022-06-11 06:35:18'),
(80, 'OD-202206114214', 30000, 30000, 0, NULL, '8184xxi6783', NULL, 'pending', NULL, '2022-06-11 06:40:53', '2022-06-11 06:40:53'),
(81, 'OD-202206114126', 45000, 45000, 0, NULL, '1787xxi5668', NULL, 'pending', NULL, '2022-06-11 06:42:10', '2022-06-11 06:42:10'),
(82, 'OD-202206119936', 60000, 60000, 0, NULL, '7897xxi5591', NULL, 'pending', NULL, '2022-06-11 06:44:25', '2022-06-11 06:44:25'),
(83, 'OD-202206117082', 75000, 75000, 0, NULL, '3950xxi4260', NULL, 'pending', NULL, '2022-06-11 06:47:21', '2022-06-11 06:47:21'),
(84, 'OD-202206114539', 90000, 90000, 0, NULL, 'b8e07ab4-dad5-4453-b498-785797e98d7c', NULL, 'pending', NULL, '2022-06-11 06:50:22', '2022-06-11 06:50:22'),
(85, 'OD-202206117903', 25000, 25000, 0, NULL, 'a641e007-4547-45d0-9147-bac9f4bb805a', 'gopay', 'settlement', '2022-06-11 13:55:00', '2022-06-11 06:50:54', '2022-06-11 06:55:03'),
(86, 'OD-202206118668', 207000, 207000, 0, NULL, 'aa515c5f-5cdb-429c-934c-ea113b386376', 'gopay', 'settlement', '2022-05-26 18:45:28', '2022-06-11 07:11:00', '2022-06-11 07:11:46'),
(87, 'OD-202206121696', 15000, 15000, 0, NULL, 'a3d929d3-18e6-4663-a71b-533eb8fd4b1e', NULL, 'pending', NULL, '2022-06-11 20:37:33', '2022-06-11 20:37:34'),
(88, 'OD-202206124408', 40000, 40000, 0, NULL, '49ffa46a-069d-4532-945f-7c43820e0873', NULL, 'pending', NULL, '2022-06-11 20:38:31', '2022-06-11 20:38:31'),
(89, 'OD-202206125616', 103000, 103000, 0, NULL, '72a7909f-d150-4f4d-9b60-1c055232e4a7', NULL, 'pending', NULL, '2022-06-11 20:42:45', '2022-06-11 20:42:46'),
(90, 'OD-202206124939', 100000, 100000, 0, NULL, '152439ed-63a5-4158-b136-b899e5015a72', NULL, 'pending', NULL, '2022-06-11 20:44:32', '2022-06-11 20:44:32'),
(91, 'OD-202206127243', 78000, 78000, 0, NULL, '7318f587-eedb-4b69-854c-fa4fd8412e49', 'bca_klikpay', 'settlement', '2022-06-12 03:46:50', '2022-06-11 20:46:34', '2022-06-11 21:19:26'),
(92, 'OD-202206121476', 54000, 54000, 0, NULL, 'dcb43b09-5a18-417e-90d9-26ba7a8d5c4a', 'akulaku', 'settlement', '2022-06-12 04:22:46', '2022-06-11 21:22:16', '2022-06-11 21:22:50'),
(93, 'OD-202206128069', 40000, 40000, 0, NULL, '49601c41-d6be-4738-af3b-a68b52d4b8be', NULL, 'pending', NULL, '2022-06-11 21:23:29', '2022-06-11 21:23:30');

-- --------------------------------------------------------

--
-- Table structure for table `order_details`
--

CREATE TABLE `order_details` (
  `id` bigint(20) UNSIGNED NOT NULL,
  `order_id` bigint(20) UNSIGNED NOT NULL,
  `product_id` bigint(20) UNSIGNED NOT NULL,
  `qty` int(11) NOT NULL,
  `total` decimal(15,2) NOT NULL,
  `created_at` timestamp NULL DEFAULT NULL,
  `updated_at` timestamp NULL DEFAULT NULL
) ENGINE=InnoDB DEFAULT CHARSET=utf8mb4 COLLATE=utf8mb4_unicode_ci;

--
-- Dumping data for table `order_details`
--

INSERT INTO `order_details` (`id`, `order_id`, `product_id`, `qty`, `total`, `created_at`, `updated_at`) VALUES
(1, 1, 2, 1, '35000.00', '2022-05-07 08:27:40', '2022-05-07 08:27:40'),
(2, 1, 1, 1, '175000.00', '2022-05-07 08:27:40', '2022-05-07 08:27:40'),
(3, 2, 2, 1, '35000.00', '2022-05-07 08:28:48', '2022-05-07 08:28:48'),
(4, 3, 2, 1, '35000.00', '2022-05-07 08:30:20', '2022-05-07 08:30:20'),
(5, 3, 1, 1, '175000.00', '2022-05-07 08:30:20', '2022-05-07 08:30:20'),
(6, 4, 2, 1, '35000.00', '2022-05-07 08:32:32', '2022-05-07 08:32:32'),
(7, 5, 2, 1, '35000.00', '2022-05-07 08:34:21', '2022-05-07 08:34:21'),
(8, 6, 2, 1, '35000.00', '2022-05-07 08:36:11', '2022-05-07 08:36:11'),
(9, 7, 2, 1, '35000.00', '2022-05-07 08:38:33', '2022-05-07 08:38:33'),
(10, 8, 2, 1, '35000.00', '2022-05-07 08:40:15', '2022-05-07 08:40:15'),
(11, 9, 2, 1, '35000.00', '2022-05-07 08:40:46', '2022-05-07 08:40:46'),
(12, 10, 2, 1, '35000.00', '2022-05-07 08:44:45', '2022-05-07 08:44:45'),
(13, 11, 2, 1, '35000.00', '2022-05-07 08:45:25', '2022-05-07 08:45:25'),
(14, 11, 1, 1, '175000.00', '2022-05-07 08:45:25', '2022-05-07 08:45:25'),
(15, 12, 1, 1, '175000.00', '2022-05-07 08:47:52', '2022-05-07 08:47:52'),
(16, 12, 2, 1, '35000.00', '2022-05-07 08:47:52', '2022-05-07 08:47:52'),
(17, 13, 2, 1, '35000.00', '2022-05-07 08:48:26', '2022-05-07 08:48:26'),
(18, 14, 2, 1, '35000.00', '2022-05-07 08:50:21', '2022-05-07 08:50:21'),
(19, 15, 2, 1, '35000.00', '2022-05-07 08:54:22', '2022-05-07 08:54:22'),
(20, 16, 2, 1, '35000.00', '2022-05-07 08:54:31', '2022-05-07 08:54:31'),
(21, 17, 2, 1, '35000.00', '2022-05-07 08:54:35', '2022-05-07 08:54:35'),
(22, 18, 2, 1, '35000.00', '2022-05-07 08:54:36', '2022-05-07 08:54:36'),
(23, 19, 2, 1, '35000.00', '2022-05-07 08:54:38', '2022-05-07 08:54:38'),
(24, 19, 2, 1, '35000.00', '2022-05-07 08:54:38', '2022-05-07 08:54:38'),
(25, 21, 2, 1, '35000.00', '2022-05-07 08:55:11', '2022-05-07 08:55:11'),
(26, 22, 2, 1, '35000.00', '2022-05-07 08:58:41', '2022-05-07 08:58:41'),
(27, 23, 2, 1, '35000.00', '2022-05-07 08:59:29', '2022-05-07 08:59:29'),
(28, 23, 1, 1, '175000.00', '2022-05-07 08:59:29', '2022-05-07 08:59:29'),
(29, 24, 2, 1, '35000.00', '2022-05-07 09:08:55', '2022-05-07 09:08:55'),
(30, 25, 2, 1, '35000.00', '2022-05-07 09:09:53', '2022-05-07 09:09:53'),
(31, 26, 2, 1, '35000.00', '2022-05-07 09:14:49', '2022-05-07 09:14:49'),
(32, 27, 2, 1, '35000.00', '2022-05-07 09:16:09', '2022-05-07 09:16:09'),
(33, 27, 1, 1, '175000.00', '2022-05-07 09:16:09', '2022-05-07 09:16:09'),
(34, 28, 2, 1, '35000.00', '2022-05-07 09:24:01', '2022-05-07 09:24:01'),
(35, 31, 2, 3, '36000.00', '2022-05-08 14:21:15', '2022-05-08 14:21:15'),
(36, 31, 1, 1, '13000.00', '2022-05-08 14:21:15', '2022-05-08 14:21:15'),
(37, 31, 2, 3, '36000.00', '2022-05-08 14:21:15', '2022-05-08 14:21:15'),
(38, 31, 1, 1, '13000.00', '2022-05-08 14:21:15', '2022-05-08 14:21:15'),
(39, 31, 2, 3, '36000.00', '2022-05-08 14:21:15', '2022-05-08 14:21:15'),
(40, 31, 1, 1, '13000.00', '2022-05-08 14:21:15', '2022-05-08 14:21:15'),
(41, 32, 2, 3, '36000.00', '2022-05-08 14:24:53', '2022-05-08 14:24:53'),
(42, 32, 1, 1, '13000.00', '2022-05-08 14:24:53', '2022-05-08 14:24:53'),
(43, 33, 2, 3, '36000.00', '2022-05-08 14:26:12', '2022-05-08 14:26:12'),
(44, 33, 1, 1, '13000.00', '2022-05-08 14:26:12', '2022-05-08 14:26:12'),
(45, 34, 2, 1, '35000.00', '2022-05-09 21:01:00', '2022-05-09 21:01:00'),
(46, 35, 1, 1, '175000.00', '2022-05-09 21:03:19', '2022-05-09 21:03:19'),
(47, 35, 2, 1, '35000.00', '2022-05-09 21:03:20', '2022-05-09 21:03:20'),
(48, 36, 2, 1, '35000.00', '2022-05-10 00:50:05', '2022-05-10 00:50:05'),
(49, 37, 2, 2, '70000.00', '2022-05-10 02:13:57', '2022-05-10 02:13:57'),
(50, 37, 1, 1, '175000.00', '2022-05-10 02:13:57', '2022-05-10 02:13:57'),
(51, 38, 2, 1, '35000.00', '2022-05-10 03:32:08', '2022-05-10 03:32:08'),
(52, 40, 2, 1, '35000.00', '2022-05-10 04:59:23', '2022-05-10 04:59:23'),
(53, 40, 2, 1, '35000.00', '2022-05-10 04:59:23', '2022-05-10 04:59:23'),
(54, 41, 1, 1, '175000.00', '2022-05-10 05:01:45', '2022-05-10 05:01:45'),
(55, 42, 2, 1, '35000.00', '2022-05-10 05:02:15', '2022-05-10 05:02:15'),
(56, 43, 2, 1, '35000.00', '2022-05-10 05:03:12', '2022-05-10 05:03:12'),
(57, 43, 1, 1, '175000.00', '2022-05-10 05:03:12', '2022-05-10 05:03:12'),
(58, 44, 2, 1, '35000.00', '2022-05-10 05:21:25', '2022-05-10 05:21:25'),
(59, 44, 1, 1, '175000.00', '2022-05-10 05:21:25', '2022-05-10 05:21:25'),
(60, 45, 2, 1, '35000.00', '2022-05-10 05:33:19', '2022-05-10 05:33:19'),
(61, 45, 1, 1, '175000.00', '2022-05-10 05:33:19', '2022-05-10 05:33:19'),
(62, 46, 1, 1, '175000.00', '2022-05-10 05:45:06', '2022-05-10 05:45:06'),
(63, 47, 2, 1, '35000.00', '2022-05-10 05:57:59', '2022-05-10 05:57:59'),
(64, 48, 2, 1, '35000.00', '2022-05-10 06:43:14', '2022-05-10 06:43:14'),
(65, 49, 1, 1, '175000.00', '2022-05-11 04:50:49', '2022-05-11 04:50:49'),
(66, 50, 1, 1, '175000.00', '2022-05-11 04:58:49', '2022-05-11 04:58:49'),
(67, 51, 2, 1, '35000.00', '2022-05-11 05:17:08', '2022-05-11 05:17:08'),
(68, 52, 2, 1, '35000.00', '2022-05-11 06:12:27', '2022-05-11 06:12:27'),
(69, 53, 2, 1, '35000.00', '2022-05-21 21:27:05', '2022-05-21 21:27:05'),
(70, 53, 1, 1, '175000.00', '2022-05-21 21:27:05', '2022-05-21 21:27:05'),
(71, 54, 1, 3, '525000.00', '2022-05-22 05:15:48', '2022-05-22 05:15:48'),
(72, 54, 2, 1, '35000.00', '2022-05-22 05:15:48', '2022-05-22 05:15:48'),
(73, 55, 1, 3, '525000.00', '2022-05-22 07:04:30', '2022-05-22 07:04:30'),
(74, 55, 2, 1, '35000.00', '2022-05-22 07:04:30', '2022-05-22 07:04:30'),
(75, 56, 3, 175000, '2147483647.00', '2022-05-26 04:58:45', '2022-05-26 04:58:45'),
(76, 57, 3, 25000, '2147483647.00', '2022-05-26 04:59:16', '2022-05-26 04:59:16'),
(77, 58, 3, 7, '175000.00', '2022-05-26 04:59:43', '2022-05-26 04:59:43'),
(78, 59, 1, 1, '175000.00', '2022-06-05 09:28:43', '2022-06-05 09:28:43'),
(79, 59, 2, 1, '35000.00', '2022-06-05 09:28:43', '2022-06-05 09:28:43'),
(80, 60, 1, 1, '175000.00', '2022-06-05 09:32:15', '2022-06-05 09:32:15'),
(81, 60, 2, 1, '35000.00', '2022-06-05 09:32:15', '2022-06-05 09:32:15'),
(82, 61, 3, 1, '25000.00', '2022-06-05 09:46:05', '2022-06-05 09:46:05'),
(83, 61, 2, 1, '35000.00', '2022-06-05 09:46:05', '2022-06-05 09:46:05'),
(84, 62, 2, 1, '35000.00', '2022-06-08 12:48:41', '2022-06-08 12:48:41'),
(85, 62, 3, 1, '25000.00', '2022-06-08 12:48:41', '2022-06-08 12:48:41'),
(86, 62, 4, 1, '150000.00', '2022-06-08 12:48:41', '2022-06-08 12:48:41'),
(87, 63, 2, 1, '35000.00', '2022-06-08 12:48:43', '2022-06-08 12:48:43'),
(88, 63, 3, 1, '25000.00', '2022-06-08 12:48:43', '2022-06-08 12:48:43'),
(89, 63, 4, 1, '150000.00', '2022-06-08 12:48:43', '2022-06-08 12:48:43'),
(90, 64, 2, 1, '35000.00', '2022-06-08 14:22:38', '2022-06-08 14:22:38'),
(91, 64, 3, 1, '25000.00', '2022-06-08 14:22:38', '2022-06-08 14:22:38'),
(92, 65, 3, 2, '50000.00', '2022-06-08 14:48:31', '2022-06-08 14:48:31'),
(93, 65, 2, 2, '70000.00', '2022-06-08 14:48:31', '2022-06-08 14:48:31'),
(94, 66, 2, 2, '70000.00', '2022-06-08 14:51:19', '2022-06-08 14:51:19'),
(95, 67, 2, 1, '35000.00', '2022-06-10 09:26:18', '2022-06-10 09:26:18'),
(96, 68, 8, 1, '38000.00', '2022-06-10 13:00:35', '2022-06-10 13:00:35'),
(97, 68, 4, 1, '150000.00', '2022-06-10 13:00:35', '2022-06-10 13:00:35'),
(98, 69, 4, 1, '150000.00', '2022-06-10 13:40:25', '2022-06-10 13:40:25'),
(99, 69, 8, 2, '76000.00', '2022-06-10 13:40:26', '2022-06-10 13:40:26'),
(100, 70, 7, 2, '108000.00', '2022-06-10 13:42:11', '2022-06-10 13:42:11'),
(101, 70, 8, 1, '38000.00', '2022-06-10 13:42:11', '2022-06-10 13:42:11'),
(102, 71, 7, 2, '108000.00', '2022-06-10 13:42:12', '2022-06-10 13:42:12'),
(103, 71, 8, 1, '38000.00', '2022-06-10 13:42:12', '2022-06-10 13:42:12'),
(104, 72, 2, 2, '70000.00', '2022-06-10 14:19:08', '2022-06-10 14:19:08'),
(105, 72, 1, 3, '525000.00', '2022-06-10 14:19:08', '2022-06-10 14:19:08'),
(106, 73, 4, 1, '150000.00', '2022-06-10 14:25:52', '2022-06-10 14:25:52'),
(107, 73, 6, 1, '25000.00', '2022-06-10 14:25:52', '2022-06-10 14:25:52'),
(108, 74, 5, 1, '40000.00', '2022-06-10 15:37:22', '2022-06-10 15:37:22'),
(109, 75, 3, 1, '25000.00', '2022-06-11 06:10:22', '2022-06-11 06:10:22'),
(110, 76, 12, 1, '15000.00', '2022-06-11 06:23:56', '2022-06-11 06:23:56'),
(111, 77, 12, 1, '15000.00', '2022-06-11 06:27:06', '2022-06-11 06:27:06'),
(112, 78, 3, 1, '25000.00', '2022-06-11 06:33:00', '2022-06-11 06:33:00'),
(113, 84, 12, 1, '15000.00', '2022-06-11 06:50:22', '2022-06-11 06:50:22'),
(114, 84, 12, 1, '15000.00', '2022-06-11 06:50:22', '2022-06-11 06:50:22'),
(115, 84, 12, 1, '15000.00', '2022-06-11 06:50:22', '2022-06-11 06:50:22'),
(116, 84, 12, 1, '15000.00', '2022-06-11 06:50:22', '2022-06-11 06:50:22'),
(117, 84, 12, 1, '15000.00', '2022-06-11 06:50:22', '2022-06-11 06:50:22'),
(118, 84, 12, 1, '15000.00', '2022-06-11 06:50:22', '2022-06-11 06:50:22'),
(119, 85, 3, 1, '25000.00', '2022-06-11 06:50:54', '2022-06-11 06:50:54'),
(120, 86, 9, 3, '207000.00', '2022-06-11 07:11:00', '2022-06-11 07:11:00'),
(121, 87, 12, 1, '15000.00', '2022-06-11 20:37:34', '2022-06-11 20:37:34'),
(122, 88, 5, 1, '40000.00', '2022-06-11 20:38:31', '2022-06-11 20:38:31'),
(123, 89, 8, 1, '38000.00', '2022-06-11 20:42:46', '2022-06-11 20:42:46'),
(124, 89, 10, 1, '65000.00', '2022-06-11 20:42:46', '2022-06-11 20:42:46'),
(125, 90, 11, 1, '75000.00', '2022-06-11 20:44:32', '2022-06-11 20:44:32'),
(126, 90, 6, 1, '25000.00', '2022-06-11 20:44:32', '2022-06-11 20:44:32'),
(127, 91, 8, 1, '38000.00', '2022-06-11 20:46:34', '2022-06-11 20:46:34'),
(128, 91, 5, 1, '40000.00', '2022-06-11 20:46:34', '2022-06-11 20:46:34'),
(129, 92, 7, 1, '54000.00', '2022-06-11 21:22:16', '2022-06-11 21:22:16'),
(130, 93, 5, 1, '40000.00', '2022-06-11 21:23:30', '2022-06-11 21:23:30');

-- --------------------------------------------------------

--
-- Table structure for table `password_resets`
--

CREATE TABLE `password_resets` (
  `email` varchar(255) COLLATE utf8mb4_unicode_ci NOT NULL,
  `token` varchar(255) COLLATE utf8mb4_unicode_ci NOT NULL,
  `created_at` timestamp NULL DEFAULT NULL
) ENGINE=InnoDB DEFAULT CHARSET=utf8mb4 COLLATE=utf8mb4_unicode_ci;

-- --------------------------------------------------------

--
-- Table structure for table `products`
--

CREATE TABLE `products` (
  `id` bigint(20) UNSIGNED NOT NULL,
  `category_id` bigint(20) UNSIGNED NOT NULL,
  `name` varchar(255) COLLATE utf8mb4_unicode_ci NOT NULL,
  `purchaseprice` decimal(15,2) NOT NULL,
  `sellingprice` decimal(15,2) NOT NULL,
  `description` text COLLATE utf8mb4_unicode_ci NOT NULL,
  `created_at` timestamp NULL DEFAULT NULL,
  `updated_at` timestamp NULL DEFAULT NULL
) ENGINE=InnoDB DEFAULT CHARSET=utf8mb4 COLLATE=utf8mb4_unicode_ci;

--
-- Dumping data for table `products`
--

INSERT INTO `products` (`id`, `category_id`, `name`, `purchaseprice`, `sellingprice`, `description`, `created_at`, `updated_at`) VALUES
(1, 2, 'Device 1', '150000.00', '175000.00', 'Deskripsi device 1Deskripsi device 1Deskripsi device 1Deskripsi device 1Deskripsi device 1Deskripsi device 1Deskripsi device 1', '2022-05-07 08:13:02', '2022-05-07 08:13:02'),
(2, 1, 'Liquid 2', '30000.00', '35000.00', 'Deskripsi liquid 2Deskripsi liquid 2Deskripsi liquid 2Deskripsi liquid 2Deskripsi liquid 2Deskripsi liquid 2Deskripsi liquid 2Deskripsi liquid 2', '2022-05-07 08:13:51', '2022-05-07 08:13:51'),
(3, 1, 'Liquid #2', '23500.00', '25000.00', 'Liquid #2Liquid #2Liquid #2Liquid #2Liquid #2Liquid #2Liquid #2Liquid #2', '2022-05-26 04:50:18', '2022-05-26 04:50:18'),
(4, 1, 'Drip Coffee', '100000.00', '150000.00', 'Drip CoffeeDrip CoffeeDrip CoffeeDrip CoffeeDrip CoffeeDrip CoffeeDrip CoffeeDrip CoffeeDrip CoffeeDrip Coffee', '2022-06-08 12:47:14', '2022-06-08 12:47:14'),
(5, 1, 'Djenang Malang', '30000.00', '40000.00', 'Djenang Malang Jajanan Pasar by Kangtao Brewery\r\nFlavor : Djenang Malang\r\nPG-VG : 30-70 (Freebase)\r\nVol : 30ml\r\nNic :\r\n\r\n3mg\r\n6mg', '2022-06-08 12:48:10', '2022-06-10 14:24:34'),
(6, 1, 'Bananarila', '23000.00', '25000.00', 'BananarilaBananarilaBananarilaBananarilaBananarilaBananarilaBananarilaBananarilaBananarilaBananarilaBananarilaBananarila', '2022-06-08 12:49:36', '2022-06-08 12:49:36'),
(7, 1, 'Liquid Slank', '50000.00', '54000.00', 'Liquid SlankLiquid SlankLiquid SlankLiquid SlankLiquid SlankLiquid SlankLiquid SlankLiquid SlankLiquid SlankLiquid SlankLiquid SlankLiquid Slank', '2022-06-08 12:51:56', '2022-06-08 12:51:56'),
(8, 1, 'O\'Drip', '36000.00', '38000.00', 'O\'DripO\'DripO\'DripO\'DripO\'DripO\'DripO\'DripO\'DripO\'DripO\'DripO\'DripO\'DripO\'DripO\'Drip', '2022-06-08 12:53:09', '2022-06-08 12:53:09'),
(9, 1, 'Zaku', '60000.00', '69000.00', 'ZakuZakuZakuZakuZakuZakuZakuZakuZakuZakuZakuZakuZakuZakuZakuZakuZakuZakuZakuZakuZakuZakuZakuZakuZakuZakuZakuZakuZakuZakuZakuZakuZakuZakuZakuZakuZakuZakuZaku', '2022-06-08 12:53:57', '2022-06-08 12:53:57'),
(10, 1, 'Oat Drips', '62000.00', '65000.00', 'Oat DripsOat DripsOat DripsOat DripsOat DripsOat DripsOat DripsOat DripsOat DripsOat DripsOat DripsOat DripsOat DripsOat DripsOat DripsOat Drips', '2022-06-08 12:54:46', '2022-06-08 12:54:46'),
(11, 1, 'Heroes Liquid', '70000.00', '75000.00', 'Heroes LiquidHeroes LiquidHeroes LiquidHeroes LiquidHeroes LiquidHeroes LiquidHeroes LiquidHeroes LiquidHeroes LiquidHeroes LiquidHeroes LiquidHeroes LiquidHeroes LiquidHeroes LiquidHeroes LiquidHeroes LiquidHeroes LiquidHeroes LiquidHeroes LiquidHeroes LiquidHeroes LiquidHeroes Liquid', '2022-06-08 12:55:47', '2022-06-08 12:55:47'),
(12, 1, 'Liquid Sample', '13000.00', '15000.00', 'Liquid Sample untuk uji coba', '2022-06-11 06:22:19', '2022-06-11 06:22:19');

-- --------------------------------------------------------

--
-- Table structure for table `product_images`
--

CREATE TABLE `product_images` (
  `id` bigint(20) UNSIGNED NOT NULL,
  `product_id` bigint(20) UNSIGNED NOT NULL,
  `path` text COLLATE utf8mb4_unicode_ci NOT NULL,
  `created_at` timestamp NULL DEFAULT NULL,
  `updated_at` timestamp NULL DEFAULT NULL
) ENGINE=InnoDB DEFAULT CHARSET=utf8mb4 COLLATE=utf8mb4_unicode_ci;

--
-- Dumping data for table `product_images`
--

INSERT INTO `product_images` (`id`, `product_id`, `path`, `created_at`, `updated_at`) VALUES
(1, 1, 'uploads/images/_1651936394.png', '2022-05-07 08:13:14', '2022-05-07 08:13:14'),
(2, 2, 'uploads/images/_1651936449.jpg', '2022-05-07 08:14:09', '2022-05-07 08:14:09'),
(4, 4, 'uploads/images/_1654692465.jpg', '2022-06-08 12:47:45', '2022-06-08 12:47:45'),
(5, 5, 'uploads/images/_1654692509.jpg', '2022-06-08 12:48:29', '2022-06-08 12:48:29'),
(6, 6, 'uploads/images/_1654692667.jpg', '2022-06-08 12:51:07', '2022-06-08 12:51:07'),
(7, 7, 'uploads/images/_1654692729.jpg', '2022-06-08 12:52:09', '2022-06-08 12:52:09'),
(8, 8, 'uploads/images/_1654692801.jpeg', '2022-06-08 12:53:21', '2022-06-08 12:53:21'),
(9, 9, 'uploads/images/_1654692848.jpg', '2022-06-08 12:54:08', '2022-06-08 12:54:08'),
(10, 10, 'uploads/images/_1654692899.jpg', '2022-06-08 12:54:59', '2022-06-08 12:54:59'),
(11, 11, 'uploads/images/_1654692968.jpg', '2022-06-08 12:56:08', '2022-06-08 12:56:08'),
(12, 3, 'uploads/images/_1654870894.jpeg', '2022-06-10 14:21:34', '2022-06-10 14:21:34'),
(13, 12, 'uploads/images/_1654928591.png', '2022-06-11 06:23:11', '2022-06-11 06:23:11');

-- --------------------------------------------------------

--
-- Table structure for table `restock_batches`
--

CREATE TABLE `restock_batches` (
  `id` bigint(20) UNSIGNED NOT NULL,
  `product_id` bigint(20) UNSIGNED NOT NULL,
  `amount` int(11) NOT NULL,
  `purchaseprice` decimal(15,2) NOT NULL,
  `sellingprice` decimal(15,2) NOT NULL,
  `created_at` timestamp NULL DEFAULT NULL,
  `updated_at` timestamp NULL DEFAULT NULL
) ENGINE=InnoDB DEFAULT CHARSET=utf8mb4 COLLATE=utf8mb4_unicode_ci;

--
-- Dumping data for table `restock_batches`
--

INSERT INTO `restock_batches` (`id`, `product_id`, `amount`, `purchaseprice`, `sellingprice`, `created_at`, `updated_at`) VALUES
(1, 1, 0, '150000.00', '175000.00', '2022-05-07 08:13:26', '2022-05-22 07:04:44'),
(2, 2, 0, '30000.00', '35000.00', '2022-05-07 08:14:16', '2022-06-10 14:19:53'),
(3, 1, 0, '150000.00', '175000.00', '2022-05-22 07:03:57', '2022-06-05 09:33:03'),
(4, 3, 0, '23500.00', '25000.00', '2022-05-26 04:50:18', '2022-05-26 04:50:18'),
(5, 3, 0, '23500.00', '25000.00', '2022-05-26 04:54:37', '2022-05-26 05:01:37'),
(6, 3, 0, '23500.00', '25000.00', '2022-05-26 04:55:00', '2022-06-08 14:49:20'),
(7, 4, 0, '100000.00', '150000.00', '2022-06-08 12:47:14', '2022-06-08 12:47:14'),
(8, 5, 0, '30000.00', '40000.00', '2022-06-08 12:48:10', '2022-06-08 12:48:10'),
(9, 6, 0, '23000.00', '25000.00', '2022-06-08 12:49:36', '2022-06-08 12:49:36'),
(10, 7, 0, '50000.00', '54000.00', '2022-06-08 12:51:56', '2022-06-08 12:51:56'),
(11, 8, 0, '36000.00', '38000.00', '2022-06-08 12:53:09', '2022-06-08 12:53:09'),
(12, 9, 0, '60000.00', '69000.00', '2022-06-08 12:53:57', '2022-06-08 12:53:57'),
(13, 10, 0, '62000.00', '65000.00', '2022-06-08 12:54:46', '2022-06-08 12:54:46'),
(14, 11, 0, '70000.00', '75000.00', '2022-06-08 12:55:47', '2022-06-08 12:55:47'),
(15, 1, 0, '150000.00', '175000.00', '2022-06-10 10:01:16', '2022-06-10 14:19:53'),
(16, 3, 0, '23500.00', '25000.00', '2022-06-10 10:01:54', '2022-06-11 06:51:15'),
(17, 9, 0, '60000.00', '69000.00', '2022-06-10 10:03:27', '2022-06-11 07:11:46'),
(18, 9, 0, '60000.00', '69000.00', '2022-06-10 10:03:52', '2022-06-11 07:11:46'),
(19, 5, 0, '30000.00', '40000.00', '2022-06-10 10:04:32', '2022-06-10 15:40:02'),
(20, 5, 1, '30000.00', '40000.00', '2022-06-10 10:09:40', '2022-06-11 21:19:26'),
(21, 4, 1, '100000.00', '150000.00', '2022-06-10 10:35:39', '2022-06-10 14:26:41'),
(22, 1, 0, '150000.00', '175000.00', '2022-06-10 10:41:01', '2022-06-10 14:19:53'),
(23, 10, 1, '62000.00', '65000.00', '2022-06-10 10:46:21', '2022-06-10 10:46:21'),
(24, 7, 1, '50000.00', '54000.00', '2022-06-10 11:08:48', '2022-06-11 21:22:50'),
(25, 7, 2, '50000.00', '54000.00', '2022-06-10 11:09:25', '2022-06-10 11:09:25'),
(26, 7, 2, '50000.00', '54000.00', '2022-06-10 11:09:51', '2022-06-10 11:09:51'),
(28, 8, 1, '36000.00', '38000.00', '2022-06-10 11:13:28', '2022-06-11 21:19:26'),
(29, 6, 4, '23000.00', '25000.00', '2022-06-10 11:20:37', '2022-06-10 14:26:41'),
(30, 11, 4, '70000.00', '75000.00', '2022-06-10 13:23:33', '2022-06-10 13:23:33'),
(31, 3, 2, '23500.00', '25000.00', '2022-06-10 13:45:59', '2022-06-11 06:55:03'),
(32, 12, 0, '13000.00', '15000.00', '2022-06-11 06:22:20', '2022-06-11 06:22:20'),
(33, 12, 3, '13000.00', '15000.00', '2022-06-11 06:23:28', '2022-06-11 06:23:28');

-- --------------------------------------------------------

--
-- Table structure for table `transactions`
--

CREATE TABLE `transactions` (
  `id` bigint(20) UNSIGNED NOT NULL,
  `product_id` mediumint(8) UNSIGNED NOT NULL,
  `batch_id` mediumint(8) UNSIGNED NOT NULL,
  `user_id` mediumint(8) UNSIGNED NOT NULL,
  `type` int(11) NOT NULL,
  `amount` int(11) NOT NULL,
  `initial_amount` int(11) DEFAULT NULL,
  `margin` int(11) DEFAULT NULL,
  `created_at` timestamp NULL DEFAULT NULL,
  `updated_at` timestamp NULL DEFAULT NULL
) ENGINE=InnoDB DEFAULT CHARSET=utf8mb4 COLLATE=utf8mb4_unicode_ci;

--
-- Dumping data for table `transactions`
--

INSERT INTO `transactions` (`id`, `product_id`, `batch_id`, `user_id`, `type`, `amount`, `initial_amount`, `margin`, `created_at`, `updated_at`) VALUES
(1, 1, 1, 1, 1, 5, NULL, 750000, '2022-05-07 08:13:26', '2022-05-07 08:13:26'),
(2, 2, 2, 1, 1, 10, NULL, 300000, '2022-05-07 08:14:16', '2022-05-07 08:14:16'),
(3, 1, 3, 1, 1, 3, NULL, 450000, '2022-05-22 07:03:57', '2022-05-22 07:03:57'),
(4, 1, 1, 1, 2, 2, NULL, NULL, '2022-05-22 07:04:44', '2022-05-22 07:04:44'),
(5, 1, 3, 1, 2, 1, NULL, NULL, '2022-05-22 07:04:44', '2022-05-22 07:04:44'),
(6, 2, 2, 1, 2, 1, NULL, NULL, '2022-05-22 07:04:44', '2022-05-22 07:04:44'),
(7, 3, 5, 1, 1, 5, NULL, 117500, '2022-05-26 04:54:37', '2022-05-26 04:54:37'),
(8, 3, 6, 1, 1, 6, NULL, 141000, '2022-05-26 04:55:00', '2022-05-26 04:55:00'),
(9, 3, 5, 1, 2, 5, NULL, 7500, '2022-05-26 05:01:37', '2022-05-26 05:01:37'),
(10, 3, 6, 1, 2, 2, NULL, 3000, '2022-05-26 05:01:37', '2022-05-26 05:01:37'),
(11, 1, 3, 1, 2, 1, NULL, 25000, '2022-06-05 09:29:47', '2022-06-05 09:29:47'),
(12, 2, 2, 1, 2, 1, NULL, 5000, '2022-06-05 09:29:47', '2022-06-05 09:29:47'),
(13, 1, 3, 1, 2, 1, NULL, 25000, '2022-06-05 09:33:03', '2022-06-05 09:33:03'),
(14, 2, 2, 1, 2, 1, NULL, 5000, '2022-06-05 09:33:03', '2022-06-05 09:33:03'),
(15, 3, 6, 1, 2, 1, NULL, 1500, '2022-06-05 09:47:10', '2022-06-05 09:47:10'),
(16, 2, 2, 1, 2, 1, NULL, 5000, '2022-06-05 09:47:10', '2022-06-05 09:47:10'),
(17, 3, 6, 1, 2, 2, NULL, 3000, '2022-06-08 14:49:20', '2022-06-08 14:49:20'),
(18, 2, 2, 1, 2, 2, NULL, 10000, '2022-06-08 14:49:20', '2022-06-08 14:49:20'),
(19, 2, 2, 1, 2, 2, NULL, 10000, '2022-06-08 14:51:56', '2022-06-08 14:51:56'),
(20, 1, 15, 1, 1, 2, NULL, 300000, '2022-06-10 10:01:16', '2022-06-10 10:01:16'),
(21, 3, 16, 1, 1, 1, NULL, 23500, '2022-06-10 10:01:54', '2022-06-10 10:01:54'),
(22, 9, 17, 1, 1, 2, NULL, 120000, '2022-06-10 10:03:27', '2022-06-10 10:03:27'),
(23, 9, 18, 1, 1, 1, NULL, 60000, '2022-06-10 10:03:52', '2022-06-10 10:03:52'),
(24, 5, 19, 1, 1, 1, NULL, 30000, '2022-06-10 10:04:32', '2022-06-10 10:04:32'),
(25, 5, 20, 1, 1, 2, NULL, 60000, '2022-06-10 10:09:40', '2022-06-10 10:09:40'),
(26, 4, 21, 1, 1, 3, NULL, 300000, '2022-06-10 10:35:39', '2022-06-10 10:35:39'),
(27, 1, 22, 1, 1, 1, NULL, 150000, '2022-06-10 10:41:01', '2022-06-10 10:41:01'),
(28, 10, 23, 1, 1, 1, NULL, 62000, '2022-06-10 10:46:21', '2022-06-10 10:46:21'),
(29, 7, 26, 1, 1, 2, NULL, 100000, '2022-06-10 11:09:51', '2022-06-10 11:09:51'),
(30, 8, 28, 1, 1, 3, NULL, 108000, '2022-06-10 11:13:28', '2022-06-10 11:13:28'),
(31, 6, 29, 1, 1, 5, NULL, 115000, '2022-06-10 11:20:37', '2022-06-10 11:20:37'),
(32, 8, 28, 1, 2, 1, NULL, 2000, '2022-06-10 13:01:41', '2022-06-10 13:01:41'),
(33, 4, 21, 1, 2, 1, NULL, 50000, '2022-06-10 13:01:41', '2022-06-10 13:01:41'),
(34, 11, 30, 1, 1, 4, NULL, 280000, '2022-06-10 13:23:33', '2022-06-10 13:23:33'),
(35, 3, 31, 1, 1, 3, NULL, 70500, '2022-06-10 13:45:59', '2022-06-10 13:45:59'),
(36, 2, 2, 1, 2, 2, NULL, 10000, '2022-06-10 14:19:53', '2022-06-10 14:19:53'),
(37, 1, 15, 1, 2, 2, NULL, 50000, '2022-06-10 14:19:53', '2022-06-10 14:19:53'),
(38, 1, 22, 1, 2, 1, NULL, 25000, '2022-06-10 14:19:53', '2022-06-10 14:19:53'),
(39, 4, 21, 1, 2, 1, NULL, 50000, '2022-06-10 14:26:41', '2022-06-10 14:26:41'),
(40, 6, 29, 1, 2, 1, NULL, 2000, '2022-06-10 14:26:41', '2022-06-10 14:26:41'),
(41, 5, 19, 1, 2, 1, NULL, 10000, '2022-06-10 15:40:02', '2022-06-10 15:40:02'),
(42, 12, 33, 1, 1, 3, NULL, 39000, '2022-06-11 06:23:28', '2022-06-11 06:23:28'),
(43, 3, 16, 1, 2, 1, NULL, 1500, '2022-06-11 06:51:15', '2022-06-11 06:51:15'),
(44, 3, 31, 1, 2, 1, NULL, 1500, '2022-06-11 06:55:03', '2022-06-11 06:55:03'),
(45, 9, 17, 1, 2, 2, NULL, 18000, '2022-06-11 07:11:46', '2022-06-11 07:11:46'),
(46, 9, 18, 1, 2, 1, NULL, 9000, '2022-06-11 07:11:46', '2022-06-11 07:11:46'),
(47, 8, 28, 1, 2, 1, NULL, 2000, '2022-06-11 21:19:26', '2022-06-11 21:19:26'),
(48, 5, 20, 1, 2, 1, NULL, 10000, '2022-06-11 21:19:26', '2022-06-11 21:19:26'),
(49, 7, 24, 1, 2, 1, NULL, 4000, '2022-06-11 21:22:50', '2022-06-11 21:22:50');

-- --------------------------------------------------------

--
-- Table structure for table `users`
--

CREATE TABLE `users` (
  `id` bigint(20) UNSIGNED NOT NULL,
  `name` varchar(255) COLLATE utf8mb4_unicode_ci NOT NULL,
  `email` varchar(255) COLLATE utf8mb4_unicode_ci NOT NULL,
  `email_verified_at` timestamp NULL DEFAULT NULL,
  `password` varchar(255) COLLATE utf8mb4_unicode_ci NOT NULL,
  `remember_token` varchar(100) COLLATE utf8mb4_unicode_ci DEFAULT NULL,
  `created_at` timestamp NULL DEFAULT NULL,
  `updated_at` timestamp NULL DEFAULT NULL
) ENGINE=InnoDB DEFAULT CHARSET=utf8mb4 COLLATE=utf8mb4_unicode_ci;

--
-- Dumping data for table `users`
--

INSERT INTO `users` (`id`, `name`, `email`, `email_verified_at`, `password`, `remember_token`, `created_at`, `updated_at`) VALUES
(1, 'admin', 'admin@easymart.net', NULL, '$2y$10$XxeCc6ebNiqw43XbkLoZcu44lyoBhJetenU2taDJ8CU.N.2GnQqw.', NULL, '2022-05-07 08:12:03', '2022-05-07 08:12:03');

--
-- Indexes for dumped tables
--

--
-- Indexes for table `carts`
--
ALTER TABLE `carts`
  ADD PRIMARY KEY (`id`);

--
-- Indexes for table `categories`
--
ALTER TABLE `categories`
  ADD PRIMARY KEY (`id`);

--
-- Indexes for table `failed_jobs`
--
ALTER TABLE `failed_jobs`
  ADD PRIMARY KEY (`id`);

--
-- Indexes for table `migrations`
--
ALTER TABLE `migrations`
  ADD PRIMARY KEY (`id`);

--
-- Indexes for table `orders`
--
ALTER TABLE `orders`
  ADD PRIMARY KEY (`id`);

--
-- Indexes for table `order_details`
--
ALTER TABLE `order_details`
  ADD PRIMARY KEY (`id`);

--
-- Indexes for table `password_resets`
--
ALTER TABLE `password_resets`
  ADD KEY `password_resets_email_index` (`email`);

--
-- Indexes for table `products`
--
ALTER TABLE `products`
  ADD PRIMARY KEY (`id`),
  ADD KEY `products_category_id_foreign` (`category_id`);

--
-- Indexes for table `product_images`
--
ALTER TABLE `product_images`
  ADD PRIMARY KEY (`id`),
  ADD KEY `product_images_product_id_foreign` (`product_id`);

--
-- Indexes for table `restock_batches`
--
ALTER TABLE `restock_batches`
  ADD PRIMARY KEY (`id`);

--
-- Indexes for table `transactions`
--
ALTER TABLE `transactions`
  ADD PRIMARY KEY (`id`);

--
-- Indexes for table `users`
--
ALTER TABLE `users`
  ADD PRIMARY KEY (`id`),
  ADD UNIQUE KEY `users_email_unique` (`email`);

--
-- AUTO_INCREMENT for dumped tables
--

--
-- AUTO_INCREMENT for table `carts`
--
ALTER TABLE `carts`
  MODIFY `id` bigint(20) UNSIGNED NOT NULL AUTO_INCREMENT, AUTO_INCREMENT=137;

--
-- AUTO_INCREMENT for table `categories`
--
ALTER TABLE `categories`
  MODIFY `id` bigint(20) UNSIGNED NOT NULL AUTO_INCREMENT, AUTO_INCREMENT=3;

--
-- AUTO_INCREMENT for table `failed_jobs`
--
ALTER TABLE `failed_jobs`
  MODIFY `id` bigint(20) UNSIGNED NOT NULL AUTO_INCREMENT;

--
-- AUTO_INCREMENT for table `migrations`
--
ALTER TABLE `migrations`
  MODIFY `id` int(10) UNSIGNED NOT NULL AUTO_INCREMENT, AUTO_INCREMENT=12;

--
-- AUTO_INCREMENT for table `orders`
--
ALTER TABLE `orders`
  MODIFY `id` bigint(20) UNSIGNED NOT NULL AUTO_INCREMENT, AUTO_INCREMENT=94;

--
-- AUTO_INCREMENT for table `order_details`
--
ALTER TABLE `order_details`
  MODIFY `id` bigint(20) UNSIGNED NOT NULL AUTO_INCREMENT, AUTO_INCREMENT=131;

--
-- AUTO_INCREMENT for table `products`
--
ALTER TABLE `products`
  MODIFY `id` bigint(20) UNSIGNED NOT NULL AUTO_INCREMENT, AUTO_INCREMENT=14;

--
-- AUTO_INCREMENT for table `product_images`
--
ALTER TABLE `product_images`
  MODIFY `id` bigint(20) UNSIGNED NOT NULL AUTO_INCREMENT, AUTO_INCREMENT=14;

--
-- AUTO_INCREMENT for table `restock_batches`
--
ALTER TABLE `restock_batches`
  MODIFY `id` bigint(20) UNSIGNED NOT NULL AUTO_INCREMENT, AUTO_INCREMENT=35;

--
-- AUTO_INCREMENT for table `transactions`
--
ALTER TABLE `transactions`
  MODIFY `id` bigint(20) UNSIGNED NOT NULL AUTO_INCREMENT, AUTO_INCREMENT=50;

--
-- AUTO_INCREMENT for table `users`
--
ALTER TABLE `users`
  MODIFY `id` bigint(20) UNSIGNED NOT NULL AUTO_INCREMENT, AUTO_INCREMENT=2;

--
-- Constraints for dumped tables
--

--
-- Constraints for table `products`
--
ALTER TABLE `products`
  ADD CONSTRAINT `products_category_id_foreign` FOREIGN KEY (`category_id`) REFERENCES `categories` (`id`) ON DELETE CASCADE;

--
-- Constraints for table `product_images`
--
ALTER TABLE `product_images`
  ADD CONSTRAINT `product_images_product_id_foreign` FOREIGN KEY (`product_id`) REFERENCES `products` (`id`) ON DELETE CASCADE;
COMMIT;

/*!40101 SET CHARACTER_SET_CLIENT=@OLD_CHARACTER_SET_CLIENT */;
/*!40101 SET CHARACTER_SET_RESULTS=@OLD_CHARACTER_SET_RESULTS */;
/*!40101 SET COLLATION_CONNECTION=@OLD_COLLATION_CONNECTION */;
